<?xml version="1.0" encoding="UTF-8"?>
<jcr:root xmlns:cq="http://www.day.com/jcr/cq/1.0" xmlns:jcr="http://www.jcp.org/jcr/1.0" xmlns:nt="http://www.jcp.org/jcr/nt/1.0"
    jcr:primaryType="cq:Dialog"
    title="Footer Information"
    xtype="panel">
    <items jcr:primaryType="cq:WidgetCollection">
        <infotitle
            jcr:primaryType="cq:Widget"
            allowBlank="{Boolean}true"
            fieldLabel="Title"
            name="./infotitle"
            xtype="textfield"/>
        <partner
            jcr:primaryType="cq:Widget"
            allowBlank="{Boolean}false"
            fieldLabel="PARTNER"
            name="./partner"
            xtype="textfield">
            <listeners
                jcr:primaryType="nt:unstructured"
                change="function(partner, newValue, oldValue){partner.setValue(newValue.toUpperCase());}"/>
        </partner>
        <excludeservicename
            jcr:primaryType="cq:Widget"
            fieldLabel="Include/Exclude Service Name"
            name="./trainnameexclude"
            type="radiogroup"
            xtype="selection">
            <options jcr:primaryType="cq:WidgetCollection">
                <Include
                    jcr:primaryType="nt:unstructured"
                    text="Include"
                    value="include"/>
                <Exclude
                    jcr:primaryType="nt:unstructured"
                    text="Exclude"
                    value="exclude"/>
            </options>
        </excludeservicename>
        <servicename
            jcr:primaryType="cq:Widget"
            allowBlank="{Boolean}true"
            fieldLabel="Service Name"
            name="./servicename"
            xtype="textfield">
            <listeners
                jcr:primaryType="nt:unstructured"
                change="function(servicename, newValue, oldValue){servicename.setValue(newValue.toUpperCase());}"/>
        </servicename>
        <excludeservicenumber
            jcr:primaryType="cq:Widget"
            fieldLabel="Include/Exclude Service Number"
            name="./trainnumberexclude"
            type="radiogroup"
            xtype="selection">
            <options jcr:primaryType="cq:WidgetCollection">
                <Include
                    jcr:primaryType="nt:unstructured"
                    text="Include"
                    value="include"/>
                <Exclude
                    jcr:primaryType="nt:unstructured"
                    text="Exclude"
                    value="exclude"/>
            </options>
        </excludeservicenumber>
        <servicenumber
            jcr:primaryType="cq:Widget"
            allowBlank="{Boolean}true"
            fieldLabel="Service Number"
            name="./servicenumber"
            xtype="textfield"/>
        <depstation
            jcr:primaryType="cq:Widget"
            allowBlank="{Boolean}true"
            fieldLabel="Departure Stations:"
            name="./depstation"
            xtype="textfield">
            <listeners
                jcr:primaryType="nt:unstructured"
                change="function(depstation, newValue, oldValue){depstation.setValue(newValue.toUpperCase());}"/>
        </depstation>
        <arrstation
            jcr:primaryType="cq:Widget"
            allowBlank="{Boolean}true"
            fieldLabel="Arrival Stations:"
            name="./arrivestation"
            xtype="textfield">
            <listeners
                jcr:primaryType="nt:unstructured"
                change="function(arrivestation, newValue, oldValue){arrivestation.setValue(newValue.toUpperCase());}"/>
        </arrstation>
        <publishdate
            jcr:primaryType="cq:Widget"
            allowBlank="{Boolean}false"
            fieldLabel="Publish Date"
            format="c"
            name="./publishDate"
            xtype="datefield">
            <listeners
                jcr:primaryType="nt:unstructured"
                loadcontent="function(publishDate, newValue, oldValue) {if (publishDate.getValue() == null || publishDate.getValue() == '') {publishDate.setValue('2099-12-31T00:00:00+05:30');}}"/>
        </publishdate>
        <startdate
            jcr:primaryType="cq:Widget"
            allowBlank="{Boolean}false"
            fieldLabel="Start Date"
            format="c"
            name="./startdate"
            xtype="datefield"/>
        <enddate
            jcr:primaryType="cq:Widget"
            allowBlank="{Boolean}false"
            fieldLabel="End Date"
            format="c"
            name="./enddate"
            xtype="datefield"/>
        <excluderbd
            jcr:primaryType="cq:Widget"
            fieldLabel="Include/Exclude RBD Code"
            name="./rbdexclude"
            type="radiogroup"
            xtype="selection">
            <options jcr:primaryType="cq:WidgetCollection">
                <Include
                    jcr:primaryType="nt:unstructured"
                    text="Include"
                    value="include"/>
                <Exclude
                    jcr:primaryType="nt:unstructured"
                    text="Exclude"
                    value="exclude"/>
            </options>
        </excluderbd>
        <rbdcode
            jcr:primaryType="cq:Widget"
            allowBlank="{Boolean}true"
            fieldLabel="Class of Service (RBD)"
            name="./rbdcode"
            xtype="textfield">
            <listeners
                jcr:primaryType="nt:unstructured"
                change="function(rbdcode, newValue, oldValue){rbdcode.setValue(newValue.toUpperCase());}"/>
        </rbdcode>
        <fareplan
            jcr:primaryType="cq:Widget"
            allowBlank="{Boolean}true"
            fieldLabel="Fare Plan Code"
            name="./fareplan"
            xtype="textfield">
            <listeners
                jcr:primaryType="nt:unstructured"
                change="function(fareplan, newValue, oldValue){fareplan.setValue(newValue.toUpperCase());}"/>
        </fareplan>
        <tickettype
            jcr:primaryType="cq:Widget"
            fieldLabel="Ticket Type"
            name="./tickettype"
            type="checkbox"
            xtype="selection">
            <options jcr:primaryType="cq:WidgetCollection">
                <Oneway
                    jcr:primaryType="nt:unstructured"
                    text="One-Way"
                    value="One-Way"/>
                <Roundtrip
                    jcr:primaryType="nt:unstructured"
                    text="Round-Trip"
                    value="Round-Trip"/>
                <MultiCity
                    jcr:primaryType="nt:unstructured"
                    text="Multi-City Trip"
                    value="Multi-City Trip"/>
                <SIX
                    jcr:primaryType="nt:unstructured"
                    text="Six Ride"
                    value="6-Ride"/>
                <TEN
                    jcr:primaryType="nt:unstructured"
                    text="Ten Ride"
                    value="10-Ride"/>
                <MONTHLY
                    jcr:primaryType="nt:unstructured"
                    text="Monthly"
                    value="Monthly"/>
            </options>
        </tickettype>
        <impinfo
            jcr:primaryType="cq:Widget"
            allowBlank="{Boolean}false"
            fieldLabel="Footer Information"
            name="./impinfo"
            xtype="textfield"/>
    </items>
</jcr:root>
