<?xml version="1.0" encoding="UTF-8"?>
<jcr:root xmlns:sling="http://sling.apache.org/jcr/sling/1.0" xmlns:cq="http://www.day.com/jcr/cq/1.0" xmlns:jcr="http://www.jcp.org/jcr/1.0" xmlns:nt="http://www.jcp.org/jcr/nt/1.0"
    jcr:primaryType="cq:Page">
    <jcr:content
        cq:lastModified="{Date}2016-04-06T23:15:51.370-04:00"
        cq:lastModifiedBy="admin"
        jcr:primaryType="nt:unstructured"
        jcr:title="Tdd Site Design"
        sling:resourceType="wcm/core/components/designer">
        <page jcr:primaryType="nt:unstructured">
            <par
                jcr:primaryType="nt:unstructured"
                sling:resourceType="wcm/foundation/components/parsys"
                components="[group:Tdd Components]">
                <colctrl
                    jcr:primaryType="nt:unstructured"
                    sling:resourceType="tdd/components/content/colctrl"
                    layouts="2;cq-colctrl-lt0&#x9;2 Columns (50%, 50%)"/>
                <cq:authoring jcr:primaryType="nt:unstructured">
                    <assetToComponentMapping jcr:primaryType="nt:unstructured">
                        <image
                            jcr:primaryType="nt:unstructured"
                            assetGroup="media"
                            assetMimetype="image/*"
                            droptarget="image"
                            resourceType="tdd/components/content/image"
                            type="Images"/>
                    </assetToComponentMapping>
                </cq:authoring>
            </par>
            <logo
                jcr:primaryType="nt:unstructured"
                sling:resourceType="tdd/components/structure/logo"
                absParent="2">
                <image/>
            </logo>
        </page>
        <alerts jcr:primaryType="nt:unstructured">
            <alertslist
                jcr:lastModified="{Date}2016-04-06T23:15:51.335-04:00"
                jcr:lastModifiedBy="admin"
                jcr:primaryType="nt:unstructured"
                components="[/apps/tdd/components/impinfo/alerts/fareplanalert,/apps/tdd/components/impinfo/alerts/footerinformation,/apps/tdd/components/impinfo/alerts/partneralert,/apps/tdd/components/impinfo/alerts/rbdalert,/apps/tdd/components/impinfo/alerts/servicealert,/apps/tdd/components/impinfo/alerts/stationalert]">
                <section jcr:primaryType="nt:unstructured"/>
            </alertslist>
        </alerts>
    </jcr:content>
    <clientlib-all/>
    <clientlib-site/>
    <favicon.ico/>
    <clientlibs/>
</jcr:root>
