<?xml version="1.0" encoding="ISO-8859-1"?>
<html-configuration>
 <headers>
  <purchaseSummary>Total Charged by Amtrak</purchaseSummary>
  <creditCardRefund>Total Refunded to Credit Card</creditCardRefund>
  <eVoucherRefund>Total eVoucher Dollar Value</eVoucherRefund>
  <creditCardCharged>Total Charged to Credit Card</creditCardCharged>
  <payInPerson>Total to be Paid in Person</payInPerson>
  <totalPaid>Total paid</totalPaid>
  <totalDesc>Total</totalDesc>
  <totalCharged>Total Charged</totalCharged>
  <totalEvoucherDollarValue>Total eVoucher Dollar Value</totalEvoucherDollarValue>
  <totalRefunded>Total Refunded</totalRefunded>
  <revisedTripDetails>Revised Trip Details</revisedTripDetails>
  <cancelledTripDetails>Cancelled Trip Details</cancelledTripDetails>
 </headers>
 <pdf>
  <filename>%PASSENGER_LAST_NAME% %PASSENGER_FIRST_NAME% %UNIQUE_IDENTIFIER%.pdf</filename>
  <UNIQUE_IDENTIFIER>yyyyMMddHHmmssSSSS</UNIQUE_IDENTIFIER>
 </pdf>
 <comment>Email configuration</comment>
 <email>
  <sender default="etickets@amtrak.com" error="TDD@amtrak.com" />
  <subject>
   <AppendToMultiplePassengers>Party</AppendToMultiplePassengers>
   <ERROR>TDD Error Notification</ERROR>
   <EV>Amtrak eVoucher Information</EV>
   <TD>Amtrak: eTicket and Receipt for Your %DATE% Trip - %PASSENGER%</TD>
   <DD>Amtrak: eTicket for Your %DATE% Trip - %PASSENGER%</DD>
   <DR>Amtrak: Travel Receipt</DR>
   <CR>Amtrak: Refund Receipt</CR>
   <XL>Please Contact Amtrak</XL>
  </subject>
 </email>
 <receiptHeaderDetails xml:space="preserve">
  <headers>
   <default>SALES RECEIPT</default>
   <cancelRefund>REFUND RECEIPT</cancelRefund>
   <duplicate>TRAVEL SUMMARY - NOT VALID FOR TRAVEL</duplicate>
   <amountDue>PAYMENT DUE - NOT VALID FOR TRAVEL</amountDue>
  </headers>
  <purchasedDate xml:space="preserve" text="Purchased: " dateFormat="MM/dd/yyyy h:mm a" />
  <modifiedDate xml:space="preserve" text="Modified: " dateFormat="MM/dd/yyyy h:mm a" />
  <retainText>Retain this receipt for your records.</retainText>
  <printCarryText>Print the attached eTicket and carry during your trip.</printCarryText>
  <thankYouText>Thank you for your business.</thankYouText>
  <thankYouPurchaseText>Thank you for your purchase.</thankYouPurchaseText>
  <merchantID>Merchant ID </merchantID>
 </receiptHeaderDetails>
 <reservationNumberDetails>
  <header xml:space="preserve">Reservation Number - </header>
  <tripType>
   <oneWay>One-Way</oneWay>
   <roundTrip>Round-Trip</roundTrip>
   <multiCity>Multi-City Trip</multiCity>
  </tripType>
 </reservationNumberDetails>
 <eVoucherDetails>
  <instructions></instructions>
  <header>eVouchers Created</header>
  <eVoucherStart xml:space="preserve">eVoucher </eVoucherStart>
  <eVoucherIssued xml:space="preserve">Issued </eVoucherIssued>
  <eVoucherExpires xml:space="preserve">Expires </eVoucherExpires>
  <eVoucherRefundable>Refundable Amount:</eVoucherRefundable>
  <eVoucherRefund>Total eVoucher Dollar Value</eVoucherRefund>
 </eVoucherDetails>
 <billingInformation>
  <heading>Billing Information</heading>
  <authorization>Authorization Code </authorization>
  <total>Total</total>
  <purchase>Purchase</purchase>
  <credit>Credit</credit>
 </billingInformation>
 <summarySectionDetails> 
  <purchaseSummary>Purchase Summary </purchaseSummary>
  <changeSummary>Change Summary</changeSummary>
  <ticketNumber>- Ticket Number</ticketNumber>
  <originalAmountPaid>Original Amount Paid</originalAmountPaid>
  <travelAmountUsed>Travel Amount Used</travelAmountUsed>
  <ticketDeliveryFee>Ticket Delivery Fee</ticketDeliveryFee>
  <cancellationPenalty>Cancellation Penalty</cancellationPenalty>
  <ticketTermsAndConditions>Ticket Terms And Conditions</ticketTermsAndConditions>
  <subTotal>Subtotal</subTotal>
  <passengersHeader>Passengers</passengersHeader>
 </summarySectionDetails>
 <importantInformation>
  <header>Important Information</header>
 </importantInformation>
 <formatPrintRequest>
  <printCommand>TD,DD,DR,CR,QR</printCommand>
  <evoucherCommand>EV</evoucherCommand>
 </formatPrintRequest> 
</html-configuration>