<?xml version="1.0" encoding="UTF-8"?>
<jcr:root xmlns:cq="http://www.day.com/jcr/cq/1.0" xmlns:jcr="http://www.jcp.org/jcr/1.0" xmlns:nt="http://www.jcp.org/jcr/nt/1.0"
    jcr:primaryType="cq:Dialog"
    title="Payment Type Advisory"
    xtype="panel">
    <items jcr:primaryType="cq:WidgetCollection">
        <infotitle
            jcr:primaryType="cq:Widget"
            allowBlank="{Boolean}true"
            fieldLabel="Title"
            name="./infotitle"
            xtype="textfield"/>
        <paymenttype
            jcr:primaryType="cq:Widget"
            allowBlank="{Boolean}false"
            fieldLabel="Payment Type:"
            name="./paymenttype"
            xtype="textfield">
            <listeners
                jcr:primaryType="nt:unstructured"
                change="function(paymenttype, newValue, oldValue){paymenttype.setValue(newValue.toUpperCase());}"/>
        </paymenttype>
        <publishdate
            jcr:primaryType="cq:Widget"
            allowBlank="{Boolean}false"
            fieldLabel="Publish Date"
            format="c"
            name="./publishDate"
            xtype="datefield">
            <listeners
                jcr:primaryType="nt:unstructured"
                loadcontent="function(publishDate, newValue, oldValue) {if (publishDate.getValue() == null || publishDate.getValue() == '') {publishDate.setValue('2099-12-31T00:00:00+05:30');}}"/>
        </publishdate>
        <excludeservicename
            jcr:primaryType="cq:Widget"
            fieldLabel="Include/Exclude Service Name"
            name="./trainnameexclude"
            type="radiogroup"
            xtype="selection">
            <options jcr:primaryType="cq:WidgetCollection">
                <Include
                    jcr:primaryType="nt:unstructured"
                    text="Include"
                    value="include"/>
                <Exclude
                    jcr:primaryType="nt:unstructured"
                    text="Exclude"
                    value="exclude"/>
            </options>
        </excludeservicename>
        <servicename
            jcr:primaryType="cq:Widget"
            allowBlank="{Boolean}true"
            fieldLabel="Service Name:"
            name="./servicename"
            xtype="textfield">
            <listeners
                jcr:primaryType="nt:unstructured"
                change="function(servicename, newValue, oldValue){servicename.setValue(newValue.toUpperCase());}"/>
        </servicename>
        <excludeservicenumber
            jcr:primaryType="cq:Widget"
            fieldLabel="Include/Exclude Service Number"
            name="./trainnumberexclude"
            type="radiogroup"
            xtype="selection">
            <options jcr:primaryType="cq:WidgetCollection">
                <Include
                    jcr:primaryType="nt:unstructured"
                    text="Include"
                    value="include"/>
                <Exclude
                    jcr:primaryType="nt:unstructured"
                    text="Exclude"
                    value="exclude"/>
            </options>
        </excludeservicenumber>
        <servicenumber
            jcr:primaryType="cq:Widget"
            allowBlank="{Boolean}true"
            fieldLabel="Service Number:"
            name="./servicenumber"
            xtype="textfield"/>
        <depstation
            jcr:primaryType="cq:Widget"
            allowBlank="{Boolean}true"
            fieldLabel="Departure Stations:"
            name="./depstation"
            xtype="textfield">
            <listeners
                jcr:primaryType="nt:unstructured"
                change="function(depstation, newValue, oldValue){depstation.setValue(newValue.toUpperCase());}"/>
        </depstation>
        <arrstation
            jcr:primaryType="cq:Widget"
            allowBlank="{Boolean}true"
            fieldLabel="Arrival Stations:"
            name="./arrivestation"
            xtype="textfield">
            <listeners
                jcr:primaryType="nt:unstructured"
                change="function(arrivestation, newValue, oldValue){arrivestation.setValue(newValue.toUpperCase());}"/>
        </arrstation>
        <startdate
            jcr:primaryType="cq:Widget"
            allowBlank="{Boolean}false"
            fieldLabel="Start Date"
            format="c"
            name="./startdate"
            xtype="datefield"/>
        <enddate
            jcr:primaryType="cq:Widget"
            allowBlank="{Boolean}false"
            fieldLabel="End Date"
            format="c"
            name="./enddate"
            xtype="datefield"/>
        <rank
            jcr:primaryType="cq:Widget"
            allowBlank="{Boolean}true"
            fieldLabel="Rank"
            name="./rank"
            xtype="numberfield"/>
        <impinfo
            jcr:primaryType="cq:Widget"
            allowBlank="{Boolean}false"
            fieldLabel="Important Information"
            name="./impinfo"
            xtype="richtext"/>
    </items>
</jcr:root>
